,antecedent,consequent,confidence,lift,support
17,"30000512, AGULHA PRECISION AGU DES 30X7 x 100",SERINGA EMERALD SE 5MLDLLSA x 400,0.6350210970464135,390.1742979128323,0.0014536708811853
55,"30000512, AGULHA PRECISION AGU DES 30X7 x 100",30000174,0.2742616033755274,364.0330520393812,0.0006278312775883
5,"SERINGA EMERALD SE 5MLDLLSA x 400, AGULHA PRECISION AGU DES 30X7 x 100",30000512,0.9176829268292684,354.5098175282126,0.0014536708811853
7,SERINGA EMERALD SE 5MLDLLSA x 400,30000512,0.9109792284866468,351.9201138225785,0.0014826477093817
18,30000512,SERINGA EMERALD SE 5MLDLLSA x 400,0.5727611940298507,351.92011382257846,0.0014826477093817
10,"30000174, AGULHA PRECISION AGU DES 30X7 x 100",30000512,0.8783783783783784,339.3260891488503,0.0006278312775883
60,30000512,30000174,0.25,331.83012820512823,0.0006471491630526
11,30000174,30000512,0.8589743589743589,331.8301282051282,0.0006471491630526
126,35629,34118,0.1324451410658307,145.1024116368944,0.0008161806608648
8,34118,35629,0.8941798941798942,145.1024116368944,0.0008161806608648
6,5722,5721,0.9176029962546816,134.086599583971,0.0011832204846857
96,5721,5722,0.1729004940014114,134.08659958397098,0.0011832204846857
241,AEROLIN SPRAY DOSE 100Y x 200 /DOS,CLENIL HFA SPRAY AERO 200Y x 200 /DOS,0.0598290598290598,81.50213675213676,0.0005409007929991
15,CLENIL HFA SPRAY AERO 200Y x 200 /DOS,AEROLIN SPRAY DOSE 100Y x 200 /DOS,0.7368421052631579,81.50213675213675,0.0005409007929991
112,78939318,LACTA CHO BO SO VA 20G x 1,0.1434745030250648,70.90242850925053,0.0008016922467666
30,LACTA CHO BO SO VA 20G x 1,78939318,0.39618138424821,70.90242850925053,0.0008016922467666
0,"SERINGA EMERALD SE 5MLDLLSA x 400, 30000512",AGULHA PRECISION AGU DES 30X7 x 100,0.980456026058632,68.93554691604497,0.0014536708811853
1,SERINGA EMERALD SE 5MLDLLSA x 400,AGULHA PRECISION AGU DES 30X7 x 100,0.973293768545994,68.43197090073706,0.001584066608069
144,AGULHA PRECISION AGU DES 30X7 x 100,SERINGA EMERALD SE 5MLDLLSA x 400,0.1113752122241086,68.43197090073706,0.001584066608069
2,"30000174, 30000512",AGULHA PRECISION AGU DES 30X7 x 100,0.9701492537313432,68.21088107847858,0.0006278312775883
272,AGULHA PRECISION AGU DES 30X7 x 100,30000174,0.0502546689303904,66.704052936311,0.0007147617621775
4,30000174,AGULHA PRECISION AGU DES 30X7 x 100,0.9487179487179488,66.704052936311,0.0007147617621775
3,7896006247302,SERINGA BD PLASTIP SE 5MLDLLS/A x 700,0.950920245398773,63.92839215998725,0.0007485680617399
271,SERINGA BD PLASTIP SE 5MLDLLS/A x 700,7896006247302,0.0503246753246753,63.92839215998725,0.0007485680617399
9,30000512,AGULHA PRECISION AGU DES 30X7 x 100,0.8843283582089553,62.176841598459326,0.0022891694275144
103,AGULHA PRECISION AGU DES 30X7 x 100,30000512,0.1609507640067911,62.17684159845931,0.0022891694275144
12,CITONEURIN 5000 AMP 1+1 2ML x 1,SERINGA BD PLASTIP SE 5MLDLLS/A x 700,0.8553459119496856,57.50312831822266,0.0006568081057847
292,SERINGA BD PLASTIP SE 5MLDLLS/A x 700,CITONEURIN 5000 AMP 1+1 2ML x 1,0.0441558441558441,57.50312831822266,0.0006568081057847
294,AGULHA PRECISION AGU DES 30X7 x 100,AGULHA PRECISION AGU DES 30X8 x 100,0.0434634974533107,54.54326490713588,0.0006181723348562
14,AGULHA PRECISION AGU DES 30X8 x 100,AGULHA PRECISION AGU DES 30X7 x 100,0.7757575757575758,54.54326490713588,0.0006181723348562
140,"AGULHA PRECISION AGU DES 30X7 x 100, SERINGA BD PLASTIP SE 5MLDLLS/A x 700",DEXA-CITONEURI NFF AMPOLA I+II 3ML x 3,0.1131664853101196,48.11597285684601,0.0005022650220706
111,"AGULHA PRECISION AGU DES 30X7 x 100, SERINGA BD PLASTIP SE 5MLDLLS/A x 700",CITONEURIN AMP. 5.00MG 3ML x 3,0.1436343852013057,40.136603331380265,0.0006374902203204
225,SERINGA BD PLASTIP SE 3ML DLLSA x 400,AGULHA PRECISION AG DESC 25X7 x 100,0.0665291387313048,39.13538785221999,0.0006230018062222
35,AGULHA PRECISION AG DESC 25X7 x 100,SERINGA BD PLASTIP SE 3ML DLLSA x 400,0.3664772727272727,39.13538785221998,0.0006230018062222
175,AGULHA PRECISION AGU DES 30X7 x 100,DEXA-CITONEURI NFF AMPOLA I+II 3ML x 3,0.0859083191850594,36.52638272504471,0.0012218562556142
19,DEXA-CITONEURI NFF AMPOLA I+II 3ML x 3,AGULHA PRECISION AGU DES 30X7 x 100,0.5195071868583162,36.52638272504471,0.0012218562556142
37,DIP.BET+FOS.BET MG AMP IM+S2MG/ 5.00MG 1ML x 1 /ML,SERINGA BD PLASTIP SE 3ML DLLSA x 400,0.3342541436464088,35.694343213879684,0.0005843660352937
234,SERINGA BD PLASTIP SE 3ML DLLSA x 400,DIP.BET+FOS.BET MG AMP IM+S2MG/ 5.00MG 1ML x 1 /ML,0.0624033006704486,35.694343213879684,0.0005843660352937
20,"DEXA-CITONEURI NFF AMPOLA I+II 3ML x 3, SERINGA BD PLASTIP SE 5MLDLLS/A x 700",AGULHA PRECISION AGU DES 30X7 x 100,0.4952380952380952,34.82003072196621,0.0005022650220706
152,SAL FRUTA ENO LARANJA 2ENV - GSK (FR30),7896015521646,0.1049538203190596,34.00930820485935,0.001207367841516
31,7896015521646,SAL FRUTA ENO LARANJA 2ENV - GSK (FR30),0.3912363067292644,34.009308204859344,0.001207367841516
33,SAL FRUTA ENO LIMAO 2ENV - GSK (FR30),SAL FRUTA ENO LARANJA 2ENV - GSK (FR30),0.3779342723004695,32.85299172589413,0.0007775448899363
222,SAL FRUTA ENO LARANJA 2ENV - GSK (FR30),SAL FRUTA ENO LIMAO 2ENV - GSK (FR30),0.0675902602854744,32.85299172589413,0.0007775448899363
21,AGULHA PRECISION AG DESC 25X7 x 100,SERINGA BD PLASTIP SE 5MLDLLS/A x 700,0.4772727272727273,32.08605371900827,0.0008113511894987
257,SERINGA BD PLASTIP SE 5MLDLLS/A x 700,AGULHA PRECISION AG DESC 25X7 x 100,0.0545454545454545,32.08605371900826,0.0008113511894987
25,CITONEURIN AMP. 5.00MG 3ML x 3,AGULHA PRECISION AGU DES 30X7 x 100,0.4237516869095816,29.793844412520137,0.0015164540089441
147,AGULHA PRECISION AGU DES 30X7 x 100,CITONEURIN AMP. 5.00MG 3ML x 3,0.1066213921901528,29.793844412520137,0.0015164540089441
23,CITONEURIN AMP. 5.00MG 3ML x 3,SERINGA BD PLASTIP SE 5MLDLLS/A x 700,0.4399460188933873,29.57665667665668,0.0015744076653369
149,SERINGA BD PLASTIP SE 5MLDLLS/A x 700,CITONEURIN AMP. 5.00MG 3ML x 3,0.1058441558441558,29.576656676656675,0.0015744076653369
158,AGULHA PRECISION AGU DES 30X7 x 100,PROFENID F.AMP LIOF 100MG x 6,0.099151103565365,29.038791805447826,0.0014102056388907
27,PROFENID F.AMP LIOF 100MG x 6,AGULHA PRECISION AGU DES 30X7 x 100,0.413012729844413,29.038791805447826,0.0014102056388907
24,DEXA-CITONEURI NFF AMPOLA I+II 3ML x 3,SERINGA BD PLASTIP SE 5MLDLLS/A x 700,0.4312114989733059,28.98945305208139,0.0010141889868734
218,SERINGA BD PLASTIP SE 5MLDLLS/A x 700,DEXA-CITONEURI NFF AMPOLA I+II 3ML x 3,0.0681818181818181,28.989453052081387,0.0010141889868734
29,"CITONEURIN AMP. 5.00MG 3ML x 3, SERINGA BD PLASTIP SE 5MLDLLS/A x 700",AGULHA PRECISION AGU DES 30X7 x 100,0.4049079754601227,28.46894913912527,0.0006374902203204
26,"CITONEURIN AMP. 5.00MG 3ML x 3, AGULHA PRECISION AGU DES 30X7 x 100",SERINGA BD PLASTIP SE 5MLDLLS/A x 700,0.4203821656050955,28.2614194722475,0.0006374902203204
28,"DEXA-CITONEURI NFF AMPOLA I+II 3ML x 3, AGULHA PRECISION AGU DES 30X7 x 100",SERINGA BD PLASTIP SE 5MLDLLS/A x 700,0.4110671936758893,27.635193265232797,0.0005022650220706
58,DIP.BET+FOS.BET MG AMP.2MG/ 5.00MG 1ML x 6 /ML,SERINGA BD PLASTIP SE 3ML DLLSA x 400,0.2552693208430913,27.259709186391017,0.000526412378901
255,SERINGA BD PLASTIP SE 3ML DLLSA x 400,DIP.BET+FOS.BET MG AMP.2MG/ 5.00MG 1ML x 6 /ML,0.0562145435791645,27.259709186391017,0.000526412378901
238,AGULHA PRECISION AGU DES 30X7 x 100,MELOXICAM MG A.IM 15mg 1.5ML x 5,0.0604414261460101,26.798977688747676,0.0008596459031594
32,MELOXICAM MG A.IM 15mg 1.5ML x 5,AGULHA PRECISION AGU DES 30X7 x 100,0.3811563169164882,26.79897768874767,0.0008596459031594
34,DIP.BET+FOS.BET MG AMP IM+S2MG/ 5.00MG 1ML x 1 /ML,AGULHA PRECISION AGU DES 30X7 x 100,0.3756906077348066,26.41468543931563,0.0006568081057847
287,AGULHA PRECISION AGU DES 30X7 x 100,DIP.BET+FOS.BET MG AMP IM+S2MG/ 5.00MG 1ML x 1 /ML,0.0461799660441426,26.41468543931563,0.0006568081057847
22,ABLOK CPR 3X10 25mg x 30,ARADOIS CPR REVEST 50mg x 30,0.4555808656036446,25.426815416070585,0.0009658942732128
261,ARADOIS CPR REVEST 50mg x 30,ABLOK CPR 3X10 25mg x 30,0.0539083557951482,25.426815416070585,0.0009658942732128
183,SERINGA BD PLASTIP SE 5MLDLLS/A x 700,PROFENID F.AMP LIOF 100MG x 6,0.084090909090909,24.62805066220908,0.0012508330838106
36,PROFENID F.AMP LIOF 100MG x 6,SERINGA BD PLASTIP SE 5MLDLLS/A x 700,0.3663366336633663,24.62805066220908,0.0012508330838106
192,SERINGA BD PLASTIP SE 3ML DLLSA x 400,PROFENID F.AMP LIOF 100MG x 6,0.0794223826714801,23.260760114175422,0.0007437385903738
71,PROFENID F.AMP LIOF 100MG x 6,SERINGA BD PLASTIP SE 3ML DLLSA x 400,0.2178217821782178,23.26076011417542,0.0007437385903738
77,AGULHA PRECISION AGU DES 30X7 x 100,SERINGA BD PLASTIP SE 3ML DLLSA x 400,0.2095076400679117,22.37290921492622,0.0029797838328616
41,SERINGA BD PLASTIP SE 3ML DLLSA x 400,AGULHA PRECISION AGU DES 30X7 x 100,0.3182052604435276,22.372909214926217,0.0029797838328616
38,DIP.BET+FOS.BET MG AMP.2MG/ 5.00MG 1ML x 6 /ML,SERINGA BD PLASTIP SE 5MLDLLS/A x 700,0.3278688524590163,22.041941664892484,0.0006761259912489
291,SERINGA BD PLASTIP SE 5MLDLLS/A x 700,DIP.BET+FOS.BET MG AMP.2MG/ 5.00MG 1ML x 6 /ML,0.0454545454545454,22.041941664892484,0.0006761259912489
48,SERINGA BD PLASTIP SE 5MLDLLS/A x 700,AGULHA PRECISION AGU DES 30X7 x 100,0.2983766233766233,20.97876413908672,0.004438284185413
42,AGULHA PRECISION AGU DES 30X7 x 100,SERINGA BD PLASTIP SE 5MLDLLS/A x 700,0.3120543293718166,20.97876413908672,0.004438284185413
86,CITONEURIN AMP. 5.00MG 3ML x 3,SERINGA BD PLASTIP SE 3ML DLLSA x 400,0.1956815114709851,20.8964441094405,0.0007002733480793
205,SERINGA BD PLASTIP SE 3ML DLLSA x 400,CITONEURIN AMP. 5.00MG 3ML x 3,0.074780814853017,20.8964441094405,0.0007002733480793
64,GLIBENCLAMIDA MG CPR 5.00MG x 30,CLOR.METFORMINA MG CPR REVEST 850MG x 30,0.2359767891682785,18.814719260208737,0.0023567820266393
88,CLOR.METFORMINA MG CPR REVEST 850MG x 30,GLIBENCLAMIDA MG CPR 5.00MG x 30,0.1879091259145167,18.814719260208737,0.0023567820266393
57,MELOXICAM MG A.IM 15mg 1.5ML x 5,SERINGA BD PLASTIP SE 5MLDLLS/A x 700,0.2591006423982869,17.41879779749159,0.0005843660352937
305,SERINGA BD PLASTIP SE 5MLDLLS/A x 700,MELOXICAM MG A.IM 15mg 1.5ML x 5,0.0392857142857142,17.41879779749159,0.0005843660352937
145,HIDROCLOROTIAZI.MG CPR 25mg x 30,7899547505252,0.1105431309904153,15.76396817433704,0.0008354985463291
133,7899547505252,HIDROCLOROTIAZI.MG CPR 25mg x 30,0.1191460055096418,15.763968174337036,0.0008354985463291
78,7896094912977,EPOCLER NF AMP.OR ABACA 10ML x 60,0.2081185567010309,15.10990343184743,0.0015599192512387
138,EPOCLER NF AMP.OR ABACA 10ML x 60,7896094912977,0.1132538569424965,15.10990343184743,0.0015599192512387
165,35629,5721,0.091692789968652,13.39879497282218,0.0005650481498295
184,5721,35629,0.0825688073394495,13.39879497282218,0.0005650481498295
54,SERINGA BD PLASTIP SDLSSA990173 x 1,NEO PREMIUM L SOR FI TOP 0.90% 500ML x 1,0.2754342431761786,12.755975231613936,0.0005360713216331
346,NEO PREMIUM L SOR FI TOP 0.90% 500ML x 1,SERINGA BD PLASTIP SDLSSA990173 x 1,0.0248266607023037,12.755975231613936,0.0005360713216331
322,SINVASTATINA MG CPR REVEST 20mg x 30,CLOR.METFORMINA MG CPR LIB PROL 500MG x 30,0.0356281810875971,11.455345391863403,0.0006423196916865
79,CLOR.METFORMINA MG CPR LIB PROL 500MG x 30,SINVASTATINA MG CPR REVEST 20mg x 30,0.2065217391304347,11.455345391863403,0.0006423196916865
211,HIDROCLOROTIAZI.MG CPR 25mg x 30,7899547505252,0.0708820882088208,10.108117733260933,0.0015212834803102
72,7899547505252,HIDROCLOROTIAZI.MG CPR 25mg x 30,0.2169421487603305,10.10811773326093,0.0015212834803102
148,EPOCLER NF AMP.OR ABACA 10ML x 60,ENGOV CPR ENV 25X6 x 150,0.1065918653576437,9.844391090403404,0.0014681592952835
124,ENGOV CPR ENV 25X6 x 150,EPOCLER NF AMP.OR ABACA 10ML x 60,0.135593220338983,9.844391090403404,0.0014681592952835
348,HIDROCLOROTIAZI.MG CPR 25mg x 30,CAPTOPRIL MG CPR 25mg x 30,0.0242597217267213,9.166544708354708,0.0006568081057847
62,CAPTOPRIL MG CPR 25mg x 30,HIDROCLOROTIAZI.MG CPR 25mg x 30,0.2481751824817518,9.166544708354708,0.0006568081057847
185,HIDROCLOROTIAZI.MG CPR 25mg x 30,LOSARTAN POTAS.MG CPR REVEST 50mg x 30,0.0824281150159744,8.788738594973069,0.0006230018062222
226,LOSARTAN POTAS.MG CPR REVEST 50mg x 30,HIDROCLOROTIAZI.MG CPR 25mg x 30,0.0664263645726055,8.788738594973069,0.0006230018062222
227,LOSARTAN POTAS.MG CPR REVEST 50mg x 30,ATENOLOL MG CPR 25mg x 30,0.0659114315139031,8.72060883842289,0.0006181723348562
187,ATENOLOL MG CPR 25mg x 30,LOSARTAN POTAS.MG CPR REVEST 50mg x 30,0.0817891373801917,8.72060883842289,0.0006181723348562
230,LOSARTAN POTAS.MG CPR REVEST 50mg x 30,HIDROCLOROTIAZI.MG CPR 25mg x 30,0.0641059957173447,8.481735262124499,0.0023133167843447
45,HIDROCLOROTIAZI.MG CPR 25mg x 30,LOSARTAN POTAS.MG CPR REVEST 50mg x 30,0.3060702875399361,8.481735262124499,0.0023133167843447
66,CORUS CPR REVEST 50mg x 30,HIDROCLOROTIAZI.MG CPR 25mg x 30,0.2244897959183673,8.29170640785747,0.0005843660352937
355,HIDROCLOROTIAZI.MG CPR 25mg x 30,CORUS CPR REVEST 50mg x 30,0.0215840171245094,8.29170640785747,0.0005843660352937
341,HIDROCLOROTIAZI.MG CPR 25mg x 30,ATENOLOL MG CPR 25mg x 30,0.026578665715305,7.862045257632129,0.0007195912335435
74,ATENOLOL MG CPR 25mg x 30,HIDROCLOROTIAZI.MG CPR 25mg x 30,0.2128571428571428,7.862045257632128,0.0007195912335435
76,"SINVASTATINA MG CPR REVEST 20mg x 30, LOSARTAN POTAS.MG CPR REVEST 50mg x 30",HIDROCLOROTIAZI.MG CPR 25mg x 30,0.211214953271028,7.801389699287479,0.0005457302643652
392,LOSARTAN POTAS.MG CPR REVEST 50mg x 30,ATENOLOL MG CPR 25mg x 30,0.014202993554026,7.29751923395467,0.0006278312775883
40,ATENOLOL MG CPR 25mg x 30,LOSARTAN POTAS.MG CPR REVEST 50mg x 30,0.3225806451612903,7.29751923395467,0.0006278312775883
85,"LOSARTAN POTAS.MG CPR REVEST 50mg x 30, 7891721201806",HIDROCLOROTIAZI.MG CPR 25mg x 30,0.1962774957698815,7.249663009115807,0.0011204373569269
360,HIDROCLOROTIAZI.MG CPR 25mg x 30,CLOR.METFORMINA MG CPR REVEST 500MG x 30,0.0199785943631823,7.132427079360784,0.0005409007929991
87,CLOR.METFORMINA MG CPR REVEST 500MG x 30,HIDROCLOROTIAZI.MG CPR 25mg x 30,0.193103448275862,7.132427079360783,0.0005409007929991
371,LOSARTAN POTAS.MG CPR REVEST 50mg x 30,HIDROCLOROTIAZI.MG CPR 25mg x 30,0.0181361302305255,7.032403366653695,0.0008016922467666
43,HIDROCLOROTIAZI.MG CPR 25mg x 30,LOSARTAN POTAS.MG CPR REVEST 50mg x 30,0.3108614232209737,7.032403366653695,0.0008016922467666
191,HIDROCLOROTIAZI.MG CPR 25mg x 30,ATENOLOL MG CPR 25mg x 30,0.0805111821086261,7.01338089599342,0.000608513392124
265,ATENOLOL MG CPR 25mg x 30,HIDROCLOROTIAZI.MG CPR 25mg x 30,0.0530079932688262,7.013380895993419,0.000608513392124
108,ATENOLOL MG CPR 25mg x 30,HIDROCLOROTIAZI.MG CPR 25mg x 30,0.15,6.989041404140414,0.0005070944934367
349,HIDROCLOROTIAZI.MG CPR 25mg x 30,ATENOLOL MG CPR 25mg x 30,0.0236273627362736,6.989041404140414,0.0005070944934367
201,XANTINON NF CPR REVEST x 100,ENGOV CPR ENV 25X6 x 150,0.0754716981132075,6.970259034218101,0.0005409007929991
274,ENGOV CPR ENV 25X6 x 150,XANTINON NF CPR REVEST x 100,0.0499553969669937,6.970259034218101,0.0005409007929991
177,HIDROCLOROTIAZI.MG CPR 25mg x 30,CLOR.METFORMINA MG CPR REVEST 850MG x 30,0.0856230031948881,6.826827218921808,0.0006471491630526
268,CLOR.METFORMINA MG CPR REVEST 850MG x 30,HIDROCLOROTIAZI.MG CPR 25mg x 30,0.0515979976896418,6.826827218921808,0.0006471491630526
47,"HIDROCLOROTIAZI.MG CPR 25mg x 30, 7891721201806",LOSARTAN POTAS.MG CPR REVEST 50mg x 30,0.3009079118028534,6.807231949494422,0.0011204373569269
115,"LOSARTAN POTAS.MG CPR REVEST 50mg x 30, 7891721201806",HIDROCLOROTIAZI.MG CPR 25mg x 30,0.1425554382259767,6.642172400978219,0.0006519786344186
116,"LOSARTAN POTAS.MG CPR REVEST 50mg x 30, 7891721201806",HIDROCLOROTIAZI.MG CPR 25mg x 30,0.1412859560067682,6.583022642365759,0.0008065217181327
50,HIDROCLOROTIAZI.MG CPR 25mg x 30,LOSARTAN POTAS.MG CPR REVEST 50mg x 30,0.2898679985729575,6.557483614171718,0.0078478909698544
94,LOSARTAN POTAS.MG CPR REVEST 50mg x 30,HIDROCLOROTIAZI.MG CPR 25mg x 30,0.177537419425325,6.557483614171717,0.0078478909698544
51,"SINVASTATINA MG CPR REVEST 20mg x 30, HIDROCLOROTIAZI.MG CPR 25mg x 30",LOSARTAN POTAS.MG CPR REVEST 50mg x 30,0.289002557544757,6.537905339269363,0.0005457302643652
207,HIDROCLOROTIAZI.MG CPR 25mg x 30,ATENOLOL MG CPR 25mg x 30,0.074032403240324,6.449010298589809,0.0015888960794351
120,ATENOLOL MG CPR 25mg x 30,HIDROCLOROTIAZI.MG CPR 25mg x 30,0.1384097602019352,6.449010298589809,0.0015888960794351
278,HIDROCLOROTIAZI.MG CPR 25mg x 30,ATENOLOL MG CPR 25mg x 30,0.0481626828398144,6.372307625672631,0.0013039572688373
97,ATENOLOL MG CPR 25mg x 30,HIDROCLOROTIAZI.MG CPR 25mg x 30,0.1725239616613418,6.37230762567263,0.0013039572688373
53,ATENOLOL MG CPR 25mg x 30,LOSARTAN POTAS.MG CPR REVEST 50mg x 30,0.2814285714285714,6.366564280251596,0.0009514058591146
356,LOSARTAN POTAS.MG CPR REVEST 50mg x 30,ATENOLOL MG CPR 25mg x 30,0.0215229979241778,6.366564280251596,0.0009514058591146
122,LOSARTAN POTAS.MG CPR REVEST 50mg x 30,HIDROCLOROTIAZI.MG CPR 25mg x 30,0.1364572605561277,6.358036292815688,0.001279809912007
242,HIDROCLOROTIAZI.MG CPR 25mg x 30,LOSARTAN POTAS.MG CPR REVEST 50mg x 30,0.0596309630963096,6.358036292815687,0.001279809912007
354,HIDROCLOROTIAZI.MG CPR 25mg x 30,SINVASTATINA MG CPR REVEST 40mg x 30,0.0217623974313235,6.249882852877564,0.0005891955066598
99,SINVASTATINA MG CPR REVEST 40mg x 30,HIDROCLOROTIAZI.MG CPR 25mg x 30,0.1692094313453536,6.249882852877564,0.0005891955066598
193,LOSARTAN POTAS.MG CPR REVEST 50mg x 30,CLOR.METFORMINA MG CPR REVEST 850MG x 30,0.07826982492276,6.240549283079145,0.0007340796476417
247,CLOR.METFORMINA MG CPR REVEST 850MG x 30,LOSARTAN POTAS.MG CPR REVEST 50mg x 30,0.0585290720061609,6.240549283079145,0.0007340796476417
446,TAXA DE ENTREGA,NEOSORO SOL ADULTO 30ML - NEO QUIMICA,0.005730869549245,6.116728405184445,0.000753397533106
13,NEOSORO SOL ADULTO 30ML - NEO QUIMICA,TAXA DE ENTREGA,0.8041237113402062,6.116728405184445,0.000753397533106
56,"HIDROCLOROTIAZI.MG CPR 25mg x 30, 7891721201806",LOSARTAN POTAS.MG CPR REVEST 50mg x 30,0.2697899838449111,6.103272548333333,0.0008065217181327
70,"HIDROCLOROTIAZI.MG CPR 25mg x 30, 7891721201806",LOSARTAN POTAS.MG CPR REVEST 50mg x 30,0.2180936995153473,6.043752356671153,0.0006519786344186
39,SINVASTATINA MG CPR REVEST 20mg x 30,7891721201806,0.3250478011472275,6.0174383371611295,0.0008210101322309
383,7891721201806,SINVASTATINA MG CPR REVEST 20mg x 30,0.0151989271345552,6.017438337161129,0.0008210101322309
102,MALEA.ENALAPRIL MG CPR 10mg x 30,HIDROCLOROTIAZI.MG CPR 25mg x 30,0.1628361858190709,6.014482038542359,0.0016082139648994
245,HIDROCLOROTIAZI.MG CPR 25mg x 30,MALEA.ENALAPRIL MG CPR 10mg x 30,0.0594006421691045,6.014482038542358,0.0016082139648994
59,CLOR.METFORMINA MG CPR REVEST 500MG x 30,LOSARTAN POTAS.MG CPR REVEST 50mg x 30,0.2551724137931034,5.772589352652419,0.0007147617621775
379,LOSARTAN POTAS.MG CPR REVEST 50mg x 30,CLOR.METFORMINA MG CPR REVEST 500MG x 30,0.0161695618922757,5.772589352652418,0.0007147617621775
44,NOVOLIN N HM F.AMP S.C 100IU 10ML x 1 /ML,7891721201806,0.308695652173913,5.714719636158676,0.0006857849339811
406,7891721201806,NOVOLIN N HM F.AMP S.C 100IU 10ML x 1 /ML,0.0126955744300402,5.714719636158676,0.0006857849339811
253,LOSARTAN POTAS.MG CPR REVEST 50mg x 30,GLIBENCLAMIDA MG CPR 5.00MG x 30,0.0566426364572605,5.671439840480312,0.000531241850267
263,GLIBENCLAMIDA MG CPR 5.00MG x 30,LOSARTAN POTAS.MG CPR REVEST 50mg x 30,0.0531914893617021,5.671439840480312,0.000531241850267
155,CLOR.METFORMINA MG CPR REVEST 850MG x 30,SINVASTATINA MG CPR REVEST 20mg x 30,0.1020408163265306,5.659998797268707,0.001279809912007
210,SINVASTATINA MG CPR REVEST 20mg x 30,CLOR.METFORMINA MG CPR REVEST 850MG x 30,0.0709884811143852,5.659998797268707,0.001279809912007
197,XANTINON NF CPR REVEST x 100,EPOCLER NF AMP.OR ABACA 10ML x 60,0.0774932614555256,5.626195548213199,0.0005553892070973
303,EPOCLER NF AMP.OR ABACA 10ML x 60,XANTINON NF CPR REVEST x 100,0.0403225806451612,5.6261955482131984,0.0005553892070973
81,SINVASTATINA MG CPR REVEST 20mg x 30,LOSARTAN POTAS.MG CPR REVEST 50mg x 30,0.2026768642447418,5.616525276264018,0.0005119239648028
393,LOSARTAN POTAS.MG CPR REVEST 50mg x 30,SINVASTATINA MG CPR REVEST 20mg x 30,0.0141862955032119,5.616525276264017,0.0005119239648028
83,ATENOLOL MG CPR 25mg x 30,LOSARTAN POTAS.MG CPR REVEST 50mg x 30,0.2,5.542344753747324,0.0006761259912489
366,LOSARTAN POTAS.MG CPR REVEST 50mg x 30,ATENOLOL MG CPR 25mg x 30,0.0187366167023554,5.542344753747323,0.0006761259912489
63,CLOR.METFORMINA MG CPR LIB PROL 500MG x 30,LOSARTAN POTAS.MG CPR REVEST 50mg x 30,0.2437888198757763,5.5150661664064256,0.000758227004472
375,LOSARTAN POTAS.MG CPR REVEST 50mg x 30,CLOR.METFORMINA MG CPR LIB PROL 500MG x 30,0.0171528460614006,5.5150661664064256,0.000758227004472
232,SAL FRUTA ENO TRAD 2ENV - GSK (FR30),SAL FRUTA ENO LARANJA 2ENV - GSK (FR30),0.0629287205487623,5.470254716317305,0.0010190184582395
169,SAL FRUTA ENO LARANJA 2ENV - GSK (FR30),SAL FRUTA ENO TRAD 2ENV - GSK (FR30),0.0885810243492863,5.470254716317305,0.0010190184582395
49,SINVASTATINA MG CPR REVEST 40mg x 30,7891721201806,0.2940360610263522,5.443334364616769,0.0010238479296056
364,7891721201806,SINVASTATINA MG CPR REVEST 40mg x 30,0.0189539561913276,5.443334364616768,0.0010238479296056
161,"LOSARTAN POTAS.MG CPR REVEST 50mg x 30, 7891721201806",SINVASTATINA MG CPR REVEST 20mg x 30,0.0972927241962774,5.396631678952481,0.0005553892070973
416,7891721201806,ATENOLOL MG CPR 25mg x 30,0.0101922217255252,5.236778697098538,0.0005505597357313
52,ATENOLOL MG CPR 25mg x 30,7891721201806,0.28287841191067,5.236778697098538,0.0005505597357313
269,GLIBENCLAMIDA MG CPR 5.00MG x 30,MALEA.ENALAPRIL MG CPR 10mg x 30,0.0512572533849129,5.189941027084033,0.0005119239648028
267,MALEA.ENALAPRIL MG CPR 10mg x 30,GLIBENCLAMIDA MG CPR 5.00MG x 30,0.0518337408312958,5.189941027084032,0.0005119239648028
89,CLOR.METFORMINA MG CPR REVEST 500MG x 30,LOSARTAN POTAS.MG CPR REVEST 50mg x 30,0.1862068965517241,5.160114081075095,0.0005215829075349
390,LOSARTAN POTAS.MG CPR REVEST 50mg x 30,CLOR.METFORMINA MG CPR REVEST 500MG x 30,0.0144539614561027,5.160114081075094,0.0005215829075349
163,ATENOLOL MG CPR 25mg x 30,SINVASTATINA MG CPR REVEST 20mg x 30,0.0926517571884984,5.139206575666986,0.0007002733480793
308,SINVASTATINA MG CPR REVEST 20mg x 30,ATENOLOL MG CPR 25mg x 30,0.0388427538173051,5.139206575666985,0.0007002733480793
90,HIDROCLOROTIAZI.MG CPR 25mg x 30,LOSARTAN POTAS.MG CPR REVEST 50mg x 30,0.184068406840684,5.100852844920467,0.0039505075774405
146,LOSARTAN POTAS.MG CPR REVEST 50mg x 30,HIDROCLOROTIAZI.MG CPR 25mg x 30,0.109475374732334,5.100852844920467,0.0039505075774405
445,TAXA DE ENTREGA,406,0.0057676058925094,5.0819234524033785,0.000758227004472
16,406,TAXA DE ENTREGA,0.6680851063829787,5.081923452403378,0.000758227004472
167,HIDROCLOROTIAZI.MG CPR 25mg x 30,SINVASTATINA MG CPR REVEST 20mg x 30,0.0907348242811501,5.032878163756634,0.0006857849339811
309,SINVASTATINA MG CPR REVEST 20mg x 30,HIDROCLOROTIAZI.MG CPR 25mg x 30,0.0380391106348781,5.032878163756634,0.0006857849339811
123,"LOSARTAN POTAS.MG CPR REVEST 50mg x 30, 7891721201806",HIDROCLOROTIAZI.MG CPR 25mg x 30,0.1362196409714889,5.031379111458873,0.0006230018062222
69,ATENOLOL MG CPR 25mg x 30,LOSARTAN POTAS.MG CPR REVEST 50mg x 30,0.2185303514376997,4.94366127274041,0.0016516792071939
314,LOSARTAN POTAS.MG CPR REVEST 50mg x 30,ATENOLOL MG CPR 25mg x 30,0.0373647984267453,4.94366127274041,0.0016516792071939
289,HIDROCLOROTIAZI.MG CPR 25mg x 30,LOSARTAN POTAS.MG CPR REVEST 50mg x 30,0.0460221191580449,4.907019586561845,0.0012460036124445
125,LOSARTAN POTAS.MG CPR REVEST 50mg x 30,HIDROCLOROTIAZI.MG CPR 25mg x 30,0.1328527291452111,4.907019586561845,0.0012460036124445
170,MALEA.ENALAPRIL MG CPR 10mg x 30,SINVASTATINA MG CPR REVEST 20mg x 30,0.0880195599022004,4.882267911189242,0.0008693048458915
277,SINVASTATINA MG CPR REVEST 20mg x 30,MALEA.ENALAPRIL MG CPR 10mg x 30,0.0482185909456201,4.882267911189241,0.0008693048458915
75,HIDROCLOROTIAZI.MG CPR 25mg x 30,LOSARTAN POTAS.MG CPR REVEST 50mg x 30,0.2117461746174617,4.79018752416048,0.0045445325554664
154,LOSARTAN POTAS.MG CPR REVEST 50mg x 30,HIDROCLOROTIAZI.MG CPR 25mg x 30,0.1028078225718343,4.790187524160479,0.0045445325554664
156,GLIBENCLAMIDA MG CPR 5.00MG x 30,HIDROCLOROTIAZI.MG CPR 25mg x 30,0.1020309477756286,4.753990123383712,0.0010190184582395
280,HIDROCLOROTIAZI.MG CPR 25mg x 30,GLIBENCLAMIDA MG CPR 5.00MG x 30,0.0474797479747974,4.753990123383711,0.0010190184582395
411,LOSARTAN POTAS.MG CPR REVEST 50mg x 30,SINVASTATINA MG CPR REVEST 20mg x 30,0.0117994100294985,4.671528565063142,0.0005215829075349
80,SINVASTATINA MG CPR REVEST 20mg x 30,LOSARTAN POTAS.MG CPR REVEST 50mg x 30,0.2065009560229445,4.671528565063142,0.0005215829075349
100,"HIDROCLOROTIAZI.MG CPR 25mg x 30, 7891721201806",LOSARTAN POTAS.MG CPR REVEST 50mg x 30,0.1673151750972762,4.636591914613519,0.0006230018062222
61,GLIBENCLAMIDA MG CPR 5.00MG x 30,7891721201806,0.2490328820116054,4.61021427045928,0.002487177753523
288,7891721201806,GLIBENCLAMIDA MG CPR 5.00MG x 30,0.046043808672329,4.610214270459279,0.002487177753523
323,HIDROCLOROTIAZI.MG CPR 25mg x 30,ATENOLOL MG CPR 25mg x 30,0.0344284428442844,4.555157975861484,0.0007389091190078
160,ATENOLOL MG CPR 25mg x 30,HIDROCLOROTIAZI.MG CPR 25mg x 30,0.0977635782747603,4.555157975861484,0.0007389091190078
399,7891058002916,7896641810695,0.0134163871586008,4.55413763579379,0.0006761259912489
65,7896641810695,7891058002916,0.2295081967213114,4.55413763579379,0.0006761259912489
381,LOSARTAN POTAS.MG CPR REVEST 50mg x 30,SINVASTATINA MG CPR REVEST 40mg x 30,0.0158418005025674,4.549562962084083,0.0007002733480793
82,SINVASTATINA MG CPR REVEST 40mg x 30,LOSARTAN POTAS.MG CPR REVEST 50mg x 30,0.2011095700416088,4.549562962084083,0.0007002733480793
266,EPOCLER NF AMP.OR ABACA 10ML x 60,SAL FRUTA ENO LARANJA 2ENV - GSK (FR30),0.0518934081346423,4.510979376647907,0.0007147617621775
235,SAL FRUTA ENO LARANJA 2ENV - GSK (FR30),EPOCLER NF AMP.OR ABACA 10ML x 60,0.0621326616288832,4.510979376647907,0.0007147617621775
134,CLOR.METFORMINA MG CPR REVEST 850MG x 30,HIDROCLOROTIAZI.MG CPR 25mg x 30,0.1174432036965729,4.337856697078093,0.0014729887666496
258,HIDROCLOROTIAZI.MG CPR 25mg x 30,CLOR.METFORMINA MG CPR REVEST 850MG x 30,0.0544059935783089,4.337856697078093,0.0014729887666496
296,CLOR.METFORMINA MG CPR REVEST 850MG x 30,MALEA.ENALAPRIL MG CPR 10mg x 30,0.0427416249518675,4.327709704539656,0.0005360713216331
260,MALEA.ENALAPRIL MG CPR 10mg x 30,CLOR.METFORMINA MG CPR REVEST 850MG x 30,0.0542787286063569,4.327709704539656,0.0005360713216331
137,GLIBENCLAMIDA MG CPR 5.00MG x 30,HIDROCLOROTIAZI.MG CPR 25mg x 30,0.11605415860735,4.286551228960957,0.0011590731278554
295,HIDROCLOROTIAZI.MG CPR 25mg x 30,GLIBENCLAMIDA MG CPR 5.00MG x 30,0.0428112736353906,4.286551228960957,0.0011590731278554
264,HIDROCLOROTIAZI.MG CPR 25mg x 30,CLOR.METFORMINA MG CPR REVEST 850MG x 30,0.0531053105310531,4.23415164003886,0.0011397552423911
166,CLOR.METFORMINA MG CPR REVEST 850MG x 30,HIDROCLOROTIAZI.MG CPR 25mg x 30,0.0908740854832499,4.23415164003886,0.0011397552423911
386,LOSARTAN POTAS.MG CPR REVEST 50mg x 30,SINVASTATINA MG CPR REVEST 40mg x 30,0.0147216274089935,4.227863543080483,0.000531241850267
107,SINVASTATINA MG CPR REVEST 40mg x 30,LOSARTAN POTAS.MG CPR REVEST 50mg x 30,0.1525658807212205,4.227863543080482,0.000531241850267
139,ARADOIS CPR REVEST 50mg x 30,HIDROCLOROTIAZI.MG CPR 25mg x 30,0.1132075471698113,4.181409406363802,0.0020283779737469
204,HIDROCLOROTIAZI.MG CPR 25mg x 30,ARADOIS CPR REVEST 50mg x 30,0.0749197288619336,4.181409406363802,0.0020283779737469
250,SAL FRUTA ENO TRAD 2ENV - GSK (FR30),EPOCLER NF AMP.OR ABACA 10ML x 60,0.0575603936773039,4.1790218217426025,0.0009320879736504
221,EPOCLER NF AMP.OR ABACA 10ML x 60,SAL FRUTA ENO TRAD 2ENV - GSK (FR30),0.067671809256662,4.1790218217426025,0.0009320879736504
203,LOSARTAN POTAS.MG CPR REVEST 50mg x 30,SINVASTATINA MG CPR REVEST 20mg x 30,0.0751802265705458,4.170095921283248,0.0007051028194453
307,SINVASTATINA MG CPR REVEST 20mg x 30,LOSARTAN POTAS.MG CPR REVEST 50mg x 30,0.0391106348781141,4.170095921283247,0.0007051028194453
279,LOSARTAN POTAS.MG CPR REVEST 50mg x 30,ATENOLOL MG CPR 25mg x 30,0.0476346553042718,4.149485484481756,0.002105649515604
91,ATENOLOL MG CPR 25mg x 30,LOSARTAN POTAS.MG CPR REVEST 50mg x 30,0.1834244846445099,4.149485484481756,0.002105649515604
109,HIDROCLOROTIAZI.MG CPR 25mg x 30,LOSARTAN POTAS.MG CPR REVEST 50mg x 30,0.149482697110239,4.142423210524668,0.0040470970047618
143,LOSARTAN POTAS.MG CPR REVEST 50mg x 30,HIDROCLOROTIAZI.MG CPR 25mg x 30,0.1121520342612419,4.142423210524667,0.0040470970047618
92,"SINVASTATINA MG CPR REVEST 20mg x 30, 7891721201806",LOSARTAN POTAS.MG CPR REVEST 50mg x 30,0.1805337519623233,4.084090434701476,0.0005553892070973
395,7891721201806,ATENOLOL MG CPR 25mg x 30,0.0136790344210996,4.046297464716776,0.0007389091190078
68,ATENOLOL MG CPR 25mg x 30,7891721201806,0.2185714285714285,4.046297464716776,0.0007389091190078
286,LOSARTAN POTAS.MG CPR REVEST 50mg x 30,ATENOLOL MG CPR 25mg x 30,0.046306209850107,4.033763745890985,0.0016709970926582
110,ATENOLOL MG CPR 25mg x 30,LOSARTAN POTAS.MG CPR REVEST 50mg x 30,0.1455616323096339,4.033763745890984,0.0016709970926582
290,CLOR.METFORMINA MG CPR REVEST 850MG x 30,ATENOLOL MG CPR 25mg x 30,0.045822102425876,3.9915928365615225,0.0005747070925616
273,ATENOLOL MG CPR 25mg x 30,CLOR.METFORMINA MG CPR REVEST 850MG x 30,0.0500631047538914,3.991592836561522,0.0005747070925616
73,"SINVASTATINA MG CPR REVEST 20mg x 30, LOSARTAN POTAS.MG CPR REVEST 50mg x 30",7891721201806,0.2149532710280373,3.9793164242831898,0.0005553892070973
213,HIDROCLOROTIAZI.MG CPR 25mg x 30,SINVASTATINA MG CPR REVEST 20mg x 30,0.0697466999643239,3.868709131533041,0.0018883233041311
153,SINVASTATINA MG CPR REVEST 20mg x 30,HIDROCLOROTIAZI.MG CPR 25mg x 30,0.1047414947763193,3.868709131533041,0.0018883233041311
214,"HIDROCLOROTIAZI.MG CPR 25mg x 30, LOSARTAN POTAS.MG CPR REVEST 50mg x 30",SINVASTATINA MG CPR REVEST 20mg x 30,0.0695384615384615,3.857158564981764,0.0005457302643652
188,SINVASTATINA MG CPR REVEST 20mg x 30,HIDROCLOROTIAZI.MG CPR 25mg x 30,0.0817037235467452,3.806871378270964,0.0014729887666496
217,HIDROCLOROTIAZI.MG CPR 25mg x 30,SINVASTATINA MG CPR REVEST 20mg x 30,0.0686318631863186,3.806871378270964,0.0014729887666496
313,SINVASTATINA MG CPR REVEST 20mg x 30,GLIBENCLAMIDA MG CPR 5.00MG x 30,0.0375033485132601,3.75508624267537,0.0006761259912489
220,GLIBENCLAMIDA MG CPR 5.00MG x 30,SINVASTATINA MG CPR REVEST 20mg x 30,0.0676982591876208,3.7550862426753695,0.0006761259912489
419,7891721201806,CORUS CPR REVEST 50mg x 30,0.0095663835493965,3.675017644721968,0.0005167534361688
84,CORUS CPR REVEST 50mg x 30,7891721201806,0.1985157699443413,3.675017644721968,0.0005167534361688
194,MALEA.ENALAPRIL MG CPR 10mg x 30,HIDROCLOROTIAZI.MG CPR 25mg x 30,0.0782396088019559,3.645465769070795,0.0007727154185702
319,HIDROCLOROTIAZI.MG CPR 25mg x 30,MALEA.ENALAPRIL MG CPR 10mg x 30,0.036003600360036,3.645465769070795,0.0007727154185702
300,HIDROCLOROTIAZI.MG CPR 25mg x 30,ATENOLOL MG CPR 25mg x 30,0.0415626114876917,3.620545839236193,0.0011252668282929
159,ATENOLOL MG CPR 25mg x 30,HIDROCLOROTIAZI.MG CPR 25mg x 30,0.0980227177114009,3.620545839236193,0.0011252668282929
301,SINVASTATINA MG CPR REVEST 20mg x 30,ATENOLOL MG CPR 25mg x 30,0.0409858023037771,3.570299619951493,0.0007389091190078
229,ATENOLOL MG CPR 25mg x 30,SINVASTATINA MG CPR REVEST 20mg x 30,0.064366848969289,3.5702996199514927,0.0007389091190078
106,CLOR.METFORMINA MG CPR REVEST 850MG x 30,LOSARTAN POTAS.MG CPR REVEST 50mg x 30,0.1536388140161725,3.4756648211315104,0.0019269590750596
293,LOSARTAN POTAS.MG CPR REVEST 50mg x 30,CLOR.METFORMINA MG CPR REVEST 850MG x 30,0.0435922648312028,3.47566482113151,0.0019269590750596
131,ATENOLOL MG CPR 25mg x 30,LOSARTAN POTAS.MG CPR REVEST 50mg x 30,0.1246006389776357,3.45289848875632,0.0009417469163825
343,LOSARTAN POTAS.MG CPR REVEST 50mg x 30,ATENOLOL MG CPR 25mg x 30,0.0260974304068522,3.45289848875632,0.0009417469163825
93,ARADOIS CPR REVEST 50mg x 30,7891721201806,0.1792452830188679,3.318273293916212,0.0032115984584327
244,7891721201806,ARADOIS CPR REVEST 50mg x 30,0.0594546267322306,3.318273293916212,0.0032115984584327
95,"HIDROCLOROTIAZI.MG CPR 25mg x 30, LOSARTAN POTAS.MG CPR REVEST 50mg x 30",7891721201806,0.1774707757704569,3.285422778058325,0.0008065217181327
113,SINVASTATINA MG CPR REVEST 20mg x 30,LOSARTAN POTAS.MG CPR REVEST 50mg x 30,0.1433163675328154,3.242147240694836,0.0025837671808443
248,LOSARTAN POTAS.MG CPR REVEST 50mg x 30,SINVASTATINA MG CPR REVEST 20mg x 30,0.0584507811646454,3.242147240694836,0.0025837671808443
136,GLIBENCLAMIDA MG CPR 5.00MG x 30,LOSARTAN POTAS.MG CPR REVEST 50mg x 30,0.1165377176015474,3.229461038813117,0.0011639025992214
328,LOSARTAN POTAS.MG CPR REVEST 50mg x 30,GLIBENCLAMIDA MG CPR 5.00MG x 30,0.0322537473233404,3.2294610388131164,0.0011639025992214
98,SINVASTATINA MG CPR REVEST 20mg x 30,7891721201806,0.1706402357353335,3.158972596497956,0.0030763732601829
252,7891721201806,SINVASTATINA MG CPR REVEST 20mg x 30,0.0569512740277156,3.158972596497956,0.0030763732601829
119,GLIBENCLAMIDA MG CPR 5.00MG x 30,LOSARTAN POTAS.MG CPR REVEST 50mg x 30,0.1387814313346228,3.139556509888525,0.0013860582820604
333,LOSARTAN POTAS.MG CPR REVEST 50mg x 30,GLIBENCLAMIDA MG CPR 5.00MG x 30,0.0313558396154266,3.139556509888525,0.0013860582820604
141,CLOR.METFORMINA MG CPR REVEST 850MG x 30,LOSARTAN POTAS.MG CPR REVEST 50mg x 30,0.1128224874855602,3.12650560810159,0.0014150351102568
306,LOSARTAN POTAS.MG CPR REVEST 50mg x 30,CLOR.METFORMINA MG CPR REVEST 850MG x 30,0.039213062098501,3.1265056081015894,0.0014150351102568
101,"HIDROCLOROTIAZI.MG CPR 25mg x 30, LOSARTAN POTAS.MG CPR REVEST 50mg x 30",7891721201806,0.1650366748166259,3.0552368315494145,0.0006519786344186
337,7891721201806,MALEA.ENALAPRIL MG CPR 10mg x 30,0.0286097451944568,2.8968171439875925,0.0015454308371405
104,MALEA.ENALAPRIL MG CPR 10mg x 30,7891721201806,0.1564792176039119,2.8968171439875925,0.0015454308371405
105,"HIDROCLOROTIAZI.MG CPR 25mg x 30, LOSARTAN POTAS.MG CPR REVEST 50mg x 30",7891721201806,0.1539379474940334,2.8497719520795304,0.0006230018062222
240,ARADOIS CPR REVEST 50mg x 30,HIDROCLOROTIAZI.MG CPR 25mg x 30,0.0598382749326145,2.7880812070425374,0.0010721426432662
275,HIDROCLOROTIAZI.MG CPR 25mg x 30,ARADOIS CPR REVEST 50mg x 30,0.0499549954995499,2.788081207042537,0.0010721426432662
114,"HIDROCLOROTIAZI.MG CPR 25mg x 30, LOSARTAN POTAS.MG CPR REVEST 50mg x 30",7891721201806,0.1427692307692307,2.6430113957566794,0.0011204373569269
282,ARADOIS CPR REVEST 50mg x 30,SINVASTATINA MG CPR REVEST 20mg x 30,0.0471698113207547,2.616414538360063,0.0008451574890612
285,SINVASTATINA MG CPR REVEST 20mg x 30,ARADOIS CPR REVEST 50mg x 30,0.0468791856415751,2.6164145383600625,0.0008451574890612
256,7891721201806,HIDROCLOROTIAZI.MG CPR 25mg x 30,0.0553419758605274,2.578582404507773,0.0029894427755937
117,HIDROCLOROTIAZI.MG CPR 25mg x 30,7891721201806,0.1392889288928893,2.578582404507773,0.0029894427755937
118,ATENOLOL MG CPR 25mg x 30,7891721201806,0.1388304585612116,2.5700949853018864,0.0015937255508012
335,7891721201806,ATENOLOL MG CPR 25mg x 30,0.0295037997317836,2.5700949853018864,0.0015937255508012
121,HIDROCLOROTIAZI.MG CPR 25mg x 30,7891721201806,0.1375312165536924,2.546042803937476,0.0037235224232355
215,7891721201806,HIDROCLOROTIAZI.MG CPR 25mg x 30,0.0689316048278945,2.546042803937476,0.0037235224232355
150,7891721201806,LOSARTAN POTAS.MG CPR REVEST 50mg x 30,0.105677246312025,2.3906633864154405,0.0057084351546879
127,LOSARTAN POTAS.MG CPR REVEST 50mg x 30,7891721201806,0.1291379875450672,2.3906633864154405,0.0057084351546879
372,7891721201806,HIDROCLOROTIAZI.MG CPR 25mg x 30,0.0178810907465355,2.365811125980282,0.0009658942732128
128,HIDROCLOROTIAZI.MG CPR 25mg x 30,7891721201806,0.1277955271565495,2.365811125980282,0.0009658942732128
180,7891721201806,LOSARTAN POTAS.MG CPR REVEST 50mg x 30,0.0846669646848457,2.3462675376838247,0.0045735093836628
129,LOSARTAN POTAS.MG CPR REVEST 50mg x 30,7891721201806,0.1267398286937901,2.3462675376838247,0.0045735093836628
46,0000023384240,TAXA DE ENTREGA,0.3022113022113022,2.298830926801979,0.0005940249780259
457,TAXA DE ENTREGA,0000023384240,0.0045185702215201,2.2988309268019784,0.0005940249780259
377,7891721201806,ATENOLOL MG CPR 25mg x 30,0.01636119803308,2.1647171802719583,0.0008837932599897
135,ATENOLOL MG CPR 25mg x 30,7891721201806,0.1169329073482428,2.1647171802719583,0.0008837932599897
315,LOSARTAN POTAS.MG CPR REVEST 50mg x 30,SINVASTATINA MG CPR REVEST 20mg x 30,0.0372055674518201,2.0637179768842167,0.0013425930397658
206,SINVASTATINA MG CPR REVEST 20mg x 30,LOSARTAN POTAS.MG CPR REVEST 50mg x 30,0.0744709349049022,2.0637179768842167,0.0013425930397658
151,LOSARTAN POTAS.MG CPR REVEST 50mg x 30,7891721201806,0.1055612770339855,1.9542001917935736,0.0009900416300431
369,7891721201806,LOSARTAN POTAS.MG CPR REVEST 50mg x 30,0.0183281180151989,1.9542001917935736,0.0009900416300431
398,7891058002916,DIPIRONA SODICA MG CPR DI 24X10 500MG x 240,0.013512218495448,1.7175365169456454,0.000680955462615
172,DIPIRONA SODICA MG CPR DI 24X10 500MG x 240,7891058002916,0.0865561694290976,1.7175365169456451,0.000680955462615
384,7891058002916,DIPIRONA SODICA MG CPR 24X10 500MG x 240,0.0151413512218495,1.716976159199677,0.0007630564758381
173,DIPIRONA SODICA MG CPR 24X10 500MG x 240,7891058002916,0.0865279299014238,1.716976159199677,0.0007630564758381
378,7891058002916,7896641810244,0.0162913272640153,1.7088727487039224,0.0008210101322309
174,7896641810244,7891058002916,0.0861195542046605,1.708872748703922,0.0008210101322309
164,7899547505252,7891721201806,0.0922865013774104,1.708451278337896,0.0006471491630526
409,7891721201806,7899547505252,0.0119803308001788,1.708451278337896,0.0006471491630526
67,49411,TAXA DE ENTREGA,0.2229822161422708,1.6961589816263507,0.0015744076653369
410,TAXA DE ENTREGA,49411,0.0119760479041916,1.6961589816263507,0.0015744076653369
370,7891058002916,TORSILAX CPR E F x 200,0.0183037853378054,1.6011907053724863,0.0009224290309182
190,TORSILAX CPR E F x 200,7891058002916,0.0806928601605407,1.601190705372486,0.0009224290309182
299,7891058002916,DIPIRONA SODICA MG CPR 50X10 500MG x 500,0.0415908001916626,1.5386589725363689,0.0020959905728718
196,DIPIRONA SODICA MG CPR 50X10 500MG x 500,7891058002916,0.0775415401107736,1.5386589725363689,0.0020959905728718
404,7891058002916,7891268044409,0.0127455678006708,1.440569192108352,0.0006423196916865
209,7891268044409,7891058002916,0.0725982532751091,1.440569192108352,0.0006423196916865
353,CIMEGRIPE CAPSULAS 400MG x 20,CIMELIDE CPR 100MG x 12,0.0221996271818335,1.4040009784742902,0.0006326607489544
304,CIMELIDE CPR 100MG x 12,CIMEGRIPE CAPSULAS 400MG x 20,0.0400122174709835,1.4040009784742902,0.0006326607489544
316,NIMESULIDA 100MG C/12 (GLOBO),DIPIRONA SODICA MG CPR 50X10 500MG x 500,0.037121906507791,1.3733314642337366,0.0007823743613024
336,DIPIRONA SODICA MG CPR 50X10 500MG x 500,NIMESULIDA 100MG C/12 (GLOBO),0.0289440771842058,1.3733314642337366,0.0007823743613024
342,CIMEGRIPE CAPSULAS 400MG x 20,NIMESULIDA 100MG C/12 (GLOBO),0.0264361972547025,1.2543381933898323,0.000753397533106
321,NIMESULIDA 100MG C/12 (GLOBO),CIMEGRIPE CAPSULAS 400MG x 20,0.0357470210815765,1.2543381933898323,0.000753397533106
236,SAL FRUTA ENO TRAD 2ENV - GSK (FR30),7891058002916,0.0620339994035192,1.2309424038803545,0.0010045300441413
361,7891058002916,SAL FRUTA ENO TRAD 2ENV - GSK (FR30),0.0199329180642069,1.2309424038803545,0.0010045300441413
365,DIPIRONA SODICA MG CPR 50X10 500MG x 500,CIMELIDE CPR 100MG x 12,0.0187600500268,1.186467159025436,0.0005070944934367
329,CIMELIDE CPR 100MG x 12,DIPIRONA SODICA MG CPR 50X10 500MG x 500,0.0320708613317043,1.1864671590254356,0.0005070944934367
401,7891058002916,SAL FRUTA ENO LARANJA 2ENV - GSK (FR30),0.0128413991375179,1.116274470282429,0.0006471491630526
254,SAL FRUTA ENO LARANJA 2ENV - GSK (FR30),7891058002916,0.0562552476910159,1.1162744702824288,0.0006471491630526
417,7891058002916,7896094910683,0.0101581217057977,1.077541494183352,0.0005119239648028
259,7896094910683,7891058002916,0.0543032786885245,1.077541494183352,0.0005119239648028
